[{"model": "contenttypes.contenttype", "pk": 1, "fields": {"app_label": "admin", "model": "logentry"}}, {"model": "contenttypes.contenttype", "pk": 2, "fields": {"app_label": "auth", "model": "permission"}}, {"model": "contenttypes.contenttype", "pk": 3, "fields": {"app_label": "auth", "model": "group"}}, {"model": "contenttypes.contenttype", "pk": 4, "fields": {"app_label": "auth", "model": "user"}}, {"model": "contenttypes.contenttype", "pk": 5, "fields": {"app_label": "contenttypes", "model": "contenttype"}}, {"model": "contenttypes.contenttype", "pk": 6, "fields": {"app_label": "sessions", "model": "session"}}, {"model": "contenttypes.contenttype", "pk": 7, "fields": {"app_label": "account", "model": "student"}}, {"model": "contenttypes.contenttype", "pk": 8, "fields": {"app_label": "account", "model": "instructor"}}, {"model": "contenttypes.contenttype", "pk": 9, "fields": {"app_label": "account", "model": "parent"}}, {"model": "contenttypes.contenttype", "pk": 10, "fields": {"app_label": "course", "model": "course"}}, {"model": "contenttypes.contenttype", "pk": 11, "fields": {"app_label": "course", "model": "coursecategory"}}, {"model": "sessions.session", "pk": "hhpcezltpq93ia8wldxn174e7ee0u56b", "fields": {"session_data": "N2Y4ZDgzNTkzMzY2Yzg4OTRlNmM1YjI2ZmQxNTYwMWY4YjllNDQ4Nzp7Il9hdXRoX3VzZXJfaWQiOiIxIiwiX2F1dGhfdXNlcl9iYWNrZW5kIjoiZGphbmdvLmNvbnRyaWIuYXV0aC5iYWNrZW5kcy5Nb2RlbEJhY2tlbmQiLCJfYXV0aF91c2VyX2hhc2giOiJkNTFhYjg1NzkxYTU5ZGQwMzE3NTdjM2U4NWQwMDcxNTk3MjE0Y2U3In0=", "expire_date": "2019-07-14T17:41:22.726Z"}}, {"model": "course.coursecategory", "pk": 1, "fields": {"name": "Math", "description": "numbers"}}, {"model": "course.coursecategory", "pk": 2, "fields": {"name": "English", "description": "words"}}, {"model": "course.course", "pk": 1, "fields": {"type": "C", "subject": "AP Calculus", "description": "\"AP Calculus AB and AP Calculus BC focus on students\u2019 understanding of calculus concepts and provide experience with methods and applications. Through the use of big ideas of calculus (e.g., modeling change, approximation and limits, and analysis of functions), each course becomes a cohesive whole, rather than a collection of unrelated topics. Both courses require students to use definitions and theorems to build arguments and justify conclusions. The courses feature a multirepresentational approach to calculus, with concepts, results, and problems expressed graphically, numerically, analytically, and verbally. Exploring connections among these representations builds understanding of how calculus applies limits to develop important ideas, definitions, formulas, and theorems. A sustained emphasis on clear communication of methods, reasoning, justifications, and conclusions is essential. Teachers and students should regularly use technology to reinforce relationships among functions, to", "instructor": 22, "tuition": "700.00", "room": "6", "days": "M, W, F", "schedule": "18:38:51", "start_date": "2019-06-30", "end_date": "2019-06-30", "max_capacity": 20, "course_category": 1}}, {"model": "course.course", "pk": 2, "fields": {"type": "C", "subject": "English 7", "description": "words", "instructor": 23, "tuition": "660.00", "room": "3", "days": "20", "schedule": "18:46:02", "start_date": "2019-06-30", "end_date": "2019-06-30", "max_capacity": 6, "course_category": 2}}, {"model": "course.course", "pk": 3, "fields": {"type": "C", "subject": "AP Language", "description": "The AP English Language and Composition course focuses on the development and revision of evidence-based analytic and argumentative writing, the rhetorical analysis of nonfiction texts, and the decisions writers make as they compose and revise. Students evaluate, synthesize, and cite research to support their arguments. Additionally, they read and analyze rhetorical elements and their effects in nonfiction texts\u2014including images as forms of text\u2014 from a range of disciplines and historical periods.", "instructor": 24, "tuition": "600.00", "room": "2", "days": "40", "schedule": "18:47:08", "start_date": "2019-06-30", "end_date": "2019-06-30", "max_capacity": 10, "course_category": 2}}, {"model": "auth.permission", "pk": 1, "fields": {"name": "Can add log entry", "content_type": 1, "codename": "add_logentry"}}, {"model": "auth.permission", "pk": 2, "fields": {"name": "Can change log entry", "content_type": 1, "codename": "change_logentry"}}, {"model": "auth.permission", "pk": 3, "fields": {"name": "Can delete log entry", "content_type": 1, "codename": "delete_logentry"}}, {"model": "auth.permission", "pk": 4, "fields": {"name": "Can view log entry", "content_type": 1, "codename": "view_logentry"}}, {"model": "auth.permission", "pk": 5, "fields": {"name": "Can add permission", "content_type": 2, "codename": "add_permission"}}, {"model": "auth.permission", "pk": 6, "fields": {"name": "Can change permission", "content_type": 2, "codename": "change_permission"}}, {"model": "auth.permission", "pk": 7, "fields": {"name": "Can delete permission", "content_type": 2, "codename": "delete_permission"}}, {"model": "auth.permission", "pk": 8, "fields": {"name": "Can view permission", "content_type": 2, "codename": "view_permission"}}, {"model": "auth.permission", "pk": 9, "fields": {"name": "Can add group", "content_type": 3, "codename": "add_group"}}, {"model": "auth.permission", "pk": 10, "fields": {"name": "Can change group", "content_type": 3, "codename": "change_group"}}, {"model": "auth.permission", "pk": 11, "fields": {"name": "Can delete group", "content_type": 3, "codename": "delete_group"}}, {"model": "auth.permission", "pk": 12, "fields": {"name": "Can view group", "content_type": 3, "codename": "view_group"}}, {"model": "auth.permission", "pk": 13, "fields": {"name": "Can add user", "content_type": 4, "codename": "add_user"}}, {"model": "auth.permission", "pk": 14, "fields": {"name": "Can change user", "content_type": 4, "codename": "change_user"}}, {"model": "auth.permission", "pk": 15, "fields": {"name": "Can delete user", "content_type": 4, "codename": "delete_user"}}, {"model": "auth.permission", "pk": 16, "fields": {"name": "Can view user", "content_type": 4, "codename": "view_user"}}, {"model": "auth.permission", "pk": 17, "fields": {"name": "Can add content type", "content_type": 5, "codename": "add_contenttype"}}, {"model": "auth.permission", "pk": 18, "fields": {"name": "Can change content type", "content_type": 5, "codename": "change_contenttype"}}, {"model": "auth.permission", "pk": 19, "fields": {"name": "Can delete content type", "content_type": 5, "codename": "delete_contenttype"}}, {"model": "auth.permission", "pk": 20, "fields": {"name": "Can view content type", "content_type": 5, "codename": "view_contenttype"}}, {"model": "auth.permission", "pk": 21, "fields": {"name": "Can add session", "content_type": 6, "codename": "add_session"}}, {"model": "auth.permission", "pk": 22, "fields": {"name": "Can change session", "content_type": 6, "codename": "change_session"}}, {"model": "auth.permission", "pk": 23, "fields": {"name": "Can delete session", "content_type": 6, "codename": "delete_session"}}, {"model": "auth.permission", "pk": 24, "fields": {"name": "Can view session", "content_type": 6, "codename": "view_session"}}, {"model": "auth.permission", "pk": 25, "fields": {"name": "Can add student", "content_type": 7, "codename": "add_student"}}, {"model": "auth.permission", "pk": 26, "fields": {"name": "Can change student", "content_type": 7, "codename": "change_student"}}, {"model": "auth.permission", "pk": 27, "fields": {"name": "Can delete student", "content_type": 7, "codename": "delete_student"}}, {"model": "auth.permission", "pk": 28, "fields": {"name": "Can view student", "content_type": 7, "codename": "view_student"}}, {"model": "auth.permission", "pk": 29, "fields": {"name": "Can add instructor", "content_type": 8, "codename": "add_instructor"}}, {"model": "auth.permission", "pk": 30, "fields": {"name": "Can change instructor", "content_type": 8, "codename": "change_instructor"}}, {"model": "auth.permission", "pk": 31, "fields": {"name": "Can delete instructor", "content_type": 8, "codename": "delete_instructor"}}, {"model": "auth.permission", "pk": 32, "fields": {"name": "Can view instructor", "content_type": 8, "codename": "view_instructor"}}, {"model": "auth.permission", "pk": 33, "fields": {"name": "Can add parent", "content_type": 9, "codename": "add_parent"}}, {"model": "auth.permission", "pk": 34, "fields": {"name": "Can change parent", "content_type": 9, "codename": "change_parent"}}, {"model": "auth.permission", "pk": 35, "fields": {"name": "Can delete parent", "content_type": 9, "codename": "delete_parent"}}, {"model": "auth.permission", "pk": 36, "fields": {"name": "Can view parent", "content_type": 9, "codename": "view_parent"}}, {"model": "auth.permission", "pk": 37, "fields": {"name": "Can add course", "content_type": 10, "codename": "add_course"}}, {"model": "auth.permission", "pk": 38, "fields": {"name": "Can change course", "content_type": 10, "codename": "change_course"}}, {"model": "auth.permission", "pk": 39, "fields": {"name": "Can delete course", "content_type": 10, "codename": "delete_course"}}, {"model": "auth.permission", "pk": 40, "fields": {"name": "Can view course", "content_type": 10, "codename": "view_course"}}, {"model": "auth.permission", "pk": 41, "fields": {"name": "Can add course category", "content_type": 11, "codename": "add_coursecategory"}}, {"model": "auth.permission", "pk": 42, "fields": {"name": "Can change course category", "content_type": 11, "codename": "change_coursecategory"}}, {"model": "auth.permission", "pk": 43, "fields": {"name": "Can delete course category", "content_type": 11, "codename": "delete_coursecategory"}}, {"model": "auth.permission", "pk": 44, "fields": {"name": "Can view course category", "content_type": 11, "codename": "view_coursecategory"}}, {"model": "auth.user", "pk": 1, "fields": {"password": "pbkdf2_sha256$150000$ewKWbJK2P3kN$weQ1olEd/sgMCOarC18HFPsr9KutjpWe+A9MkGqR4SI=", "last_login": "2019-06-30T17:41:22.723Z", "is_superuser": true, "username": "admin", "first_name": "", "last_name": "", "email": "omou@gmail.com", "is_staff": true, "is_active": true, "date_joined": "2019-06-30T17:41:09.546Z", "groups": [], "user_permissions": []}}, {"model": "auth.user", "pk": 2, "fields": {"password": "pbkdf2_sha256$150000$D9ce4gFYH6b1$xIeXtq6qo1+Fbs44Beoiydgko6eML8wuGYN0mPOY8ZM=", "last_login": null, "is_superuser": false, "username": "A001", "first_name": "Lonzo", "last_name": "Ball", "email": "lonzo@gmail.com", "is_staff": false, "is_active": true, "date_joined": "2019-06-30T17:45:09Z", "groups": [], "user_permissions": []}}, {"model": "auth.user", "pk": 3, "fields": {"password": "pbkdf2_sha256$150000$96JhxoJcLdIY$u30lIIm+EK3kjBwBgDtpPfN2Eg2zj2fmXDeH/kw6PgQ=", "last_login": null, "is_superuser": false, "username": "A002", "first_name": "Sue", "last_name": "Bird", "email": "sue@gmail.com", "is_staff": false, "is_active": true, "date_joined": "2019-06-30T17:45:19Z", "groups": [], "user_permissions": []}}, {"model": "auth.user", "pk": 4, "fields": {"password": "pbkdf2_sha256$150000$fYZhGPbJwM4b$PDITB900MYRJw5bLGy2pS3w5CS8yfyPmVHlP9vsMmzY=", "last_login": null, "is_superuser": false, "username": "A003", "first_name": "Anthony", "last_name": "Davis", "email": "anthony@gmail.com", "is_staff": false, "is_active": true, "date_joined": "2019-06-30T17:45:29Z", "groups": [], "user_permissions": []}}, {"model": "auth.user", "pk": 5, "fields": {"password": "pbkdf2_sha256$150000$z3ljuoReAfiJ$CaXrGtHI1E5T9k1yqqXafCdrZky6Nce/mFM0CoDlNYM=", "last_login": null, "is_superuser": false, "username": "A004", "first_name": "Michael", "last_name": "Jordan", "email": "michael@gmail.com", "is_staff": false, "is_active": true, "date_joined": "2019-06-30T17:45:40Z", "groups": [], "user_permissions": []}}, {"model": "auth.user", "pk": 6, "fields": {"password": "pbkdf2_sha256$150000$DdTOnHo57zZL$SXmtQQL6gI2m2LyfWflOsjoYbTuyloNS1Ru1wwRtDN4=", "last_login": null, "is_superuser": false, "username": "A005", "first_name": "Tamika", "last_name": "Catchings", "email": "tamika@gmail.com", "is_staff": false, "is_active": true, "date_joined": "2019-06-30T17:45:50Z", "groups": [], "user_permissions": []}}, {"model": "auth.user", "pk": 7, "fields": {"password": "pbkdf2_sha256$150000$d9qEnXUCdsjh$cE8tdQ5FylM7UjJa2oOXriJ2X7QOwBIXo3daTjwrD4U=", "last_login": null, "is_superuser": false, "username": "A006", "first_name": "Zion", "last_name": "Williamson", "email": "zion@gmail.com", "is_staff": false, "is_active": true, "date_joined": "2019-06-30T17:45:59Z", "groups": [], "user_permissions": []}}, {"model": "auth.user", "pk": 8, "fields": {"password": "pbkdf2_sha256$150000$NaPBrQVPjjTv$fQ+Ubi4zgdPWrgjVxjllSSCqp+4DG852dwRyQgD4N/4=", "last_login": null, "is_superuser": false, "username": "A007", "first_name": "Kobe", "last_name": "Bryant", "email": "kobe@gmail.com", "is_staff": false, "is_active": true, "date_joined": "2019-06-30T17:46:13Z", "groups": [], "user_permissions": []}}, {"model": "auth.user", "pk": 9, "fields": {"password": "pbkdf2_sha256$150000$Wi0ICyZpDcle$SUlE+rW+LGwQU0/mEOJipTNo9fMVRHXFcAVnYIg59dM=", "last_login": null, "is_superuser": false, "username": "A008", "first_name": "Cynthia", "last_name": "Cooper", "email": "cynthia@gmail.com", "is_staff": false, "is_active": true, "date_joined": "2019-06-30T17:46:29Z", "groups": [], "user_permissions": []}}, {"model": "auth.user", "pk": 10, "fields": {"password": "pbkdf2_sha256$150000$g4SBULgFw0P7$H95dplodndKL0kSb1sQgyOCVk4UKfjFMna2wf1efGSg=", "last_login": null, "is_superuser": false, "username": "A009", "first_name": "Dirk", "last_name": "Nowitzski", "email": "dirk@gmail.com", "is_staff": false, "is_active": true, "date_joined": "2019-06-30T17:46:42Z", "groups": [], "user_permissions": []}}, {"model": "auth.user", "pk": 11, "fields": {"password": "pbkdf2_sha256$150000$SmP2JdR3nF41$S/LE+ASShWqS5htIb/iNciGv7jUl+SemECGxQIV4q80=", "last_login": null, "is_superuser": false, "username": "A010", "first_name": "Jeremy", "last_name": "Lin", "email": "jeremy@gmail.com", "is_staff": false, "is_active": true, "date_joined": "2019-06-30T17:46:58Z", "groups": [], "user_permissions": []}}, {"model": "auth.user", "pk": 12, "fields": {"password": "pbkdf2_sha256$150000$uJoRRt0OvtM8$Ll/8cfgNTZr7LbN44sTkXm9FnEsxtLtuKQNym4w4gxo=", "last_login": null, "is_superuser": false, "username": "B001", "first_name": "Stephen", "last_name": "Curry", "email": "stephen@gmail.com", "is_staff": false, "is_active": true, "date_joined": "2019-06-30T17:49:28Z", "groups": [], "user_permissions": []}}, {"model": "auth.user", "pk": 13, "fields": {"password": "pbkdf2_sha256$150000$FaKvoIk1g4I3$jugTDXCDP8kzyLdEKHL1Cu/sJ66p0UUGBFTmS61pxWY=", "last_login": null, "is_superuser": false, "username": "B002", "first_name": "Kevin", "last_name": "Durant", "email": "kevin@gmail.com", "is_staff": false, "is_active": true, "date_joined": "2019-06-30T17:49:36Z", "groups": [], "user_permissions": []}}, {"model": "auth.user", "pk": 14, "fields": {"password": "pbkdf2_sha256$150000$vG03AGlIf3oy$dLh58dIdXIiKyDX/ZRfQxpHCFJfP0IGUkdg1kfKbQE4=", "last_login": null, "is_superuser": false, "username": "B003", "first_name": "Steve", "last_name": "Kerr", "email": "steve@gmail.com", "is_staff": false, "is_active": true, "date_joined": "2019-06-30T17:49:45Z", "groups": [], "user_permissions": []}}, {"model": "auth.user", "pk": 15, "fields": {"password": "pbkdf2_sha256$150000$AvImLwSboX0p$3Vs3ONF7lrBBzu+A+qJscs7oJP7sBlitb2FuyUXJ+zA=", "last_login": null, "is_superuser": false, "username": "B004", "first_name": "Klay", "last_name": "Thompson", "email": "klay@gmail.com", "is_staff": false, "is_active": true, "date_joined": "2019-06-30T17:49:55Z", "groups": [], "user_permissions": []}}, {"model": "auth.user", "pk": 16, "fields": {"password": "pbkdf2_sha256$150000$qrtS6qzp9G8U$7c6KfXoePua2DdpCCotgn5qw1DUnOzObeHo5wRE83PI=", "last_login": null, "is_superuser": false, "username": "B005", "first_name": "Demarcus", "last_name": "Cousins", "email": "demarcus@gmail.com", "is_staff": false, "is_active": true, "date_joined": "2019-06-30T17:50:04Z", "groups": [], "user_permissions": []}}, {"model": "auth.user", "pk": 17, "fields": {"password": "pbkdf2_sha256$150000$hDpYG3EdXWAL$cDBQInxg2shIteQcWTy5Eu4xeRcSScc1SRqZ+yFEvmc=", "last_login": null, "is_superuser": false, "username": "B006", "first_name": "Draymond", "last_name": "Green", "email": "draymond@gmail.com", "is_staff": false, "is_active": true, "date_joined": "2019-06-30T17:50:12Z", "groups": [], "user_permissions": []}}, {"model": "auth.user", "pk": 18, "fields": {"password": "pbkdf2_sha256$150000$LsfxF3Kg8btf$i5HYdFV8xcPoplBQHRka45GaEITToey+xEHevFBpBVM=", "last_login": null, "is_superuser": false, "username": "B007", "first_name": "Quinn", "last_name": "Cook", "email": "quinn@gmail.com", "is_staff": false, "is_active": true, "date_joined": "2019-06-30T17:50:21Z", "groups": [], "user_permissions": []}}, {"model": "auth.user", "pk": 19, "fields": {"password": "pbkdf2_sha256$150000$pv0NmNiGxXFx$IhuuWoCI3lV03T7udIYI/geoE2G8Oh1ws/vqXPVCnIY=", "last_login": null, "is_superuser": false, "username": "B008", "first_name": "Jonas", "last_name": "Jerebko", "email": "jonas@gmail.com", "is_staff": false, "is_active": true, "date_joined": "2019-06-30T17:50:29Z", "groups": [], "user_permissions": []}}, {"model": "auth.user", "pk": 20, "fields": {"password": "pbkdf2_sha256$150000$tdN0kpq9VQ9G$ycpxeFVl0MJMDqVg41/8eFG6cCGVfjvgTJDHz7bg9Tk=", "last_login": null, "is_superuser": false, "username": "B009", "first_name": "Andrew", "last_name": "Bogut", "email": "andrew@gmail.com", "is_staff": false, "is_active": true, "date_joined": "2019-06-30T17:50:39Z", "groups": [], "user_permissions": []}}, {"model": "auth.user", "pk": 21, "fields": {"password": "pbkdf2_sha256$150000$nwLNSDPc4Taj$L8e1asCgNg34Kj1OQU1Dl2wtuG8Uhsg6ow347UY+ytg=", "last_login": null, "is_superuser": false, "username": "B010", "first_name": "Shaun", "last_name": "Livingston", "email": "shaun@gmail.com", "is_staff": false, "is_active": true, "date_joined": "2019-06-30T17:50:48Z", "groups": [], "user_permissions": []}}, {"model": "auth.user", "pk": 22, "fields": {"password": "pbkdf2_sha256$150000$Xxa9g3TBi1Kh$UCaXp8CXsBtTLzuNB8Qk5CV8ziXzpkGUDe+10beYWrA=", "last_login": null, "is_superuser": false, "username": "D001", "first_name": "Greg", "last_name": "Oden", "email": "greg@gmail.com", "is_staff": false, "is_active": true, "date_joined": "2019-06-30T17:52:26Z", "groups": [], "user_permissions": []}}, {"model": "auth.user", "pk": 23, "fields": {"password": "pbkdf2_sha256$150000$7JXFDY0fUO3W$txXzGMUn3FiIWOD4C0omP41jtivOHLlzylwIQG3rNv4=", "last_login": null, "is_superuser": false, "username": "D002", "first_name": "Pervis", "last_name": "Ellison", "email": "pervis@gmail.com", "is_staff": false, "is_active": true, "date_joined": "2019-06-30T17:52:35Z", "groups": [], "user_permissions": []}}, {"model": "auth.user", "pk": 24, "fields": {"password": "pbkdf2_sha256$150000$JMrg1iZFfaj4$oP3U7EsLxFTle7c/G8P2PsHwvaKC5BPFANurze5K+oc=", "last_login": null, "is_superuser": false, "username": "D003", "first_name": "Anthony", "last_name": "Bennet", "email": "anthonyb@gmail.com", "is_staff": false, "is_active": true, "date_joined": "2019-06-30T17:52:46Z", "groups": [], "user_permissions": []}}, {"model": "auth.user", "pk": 25, "fields": {"password": "pbkdf2_sha256$150000$fqIzmCQsny7j$n0XNuIng9DpPzN4e0nS3nJQAT4DeM8qP43fjDTfWbvA=", "last_login": null, "is_superuser": false, "username": "D004", "first_name": "Eddy", "last_name": "Curry", "email": "eddy@gmail.com", "is_staff": false, "is_active": true, "date_joined": "2019-06-30T17:52:54Z", "groups": [], "user_permissions": []}}, {"model": "auth.user", "pk": 26, "fields": {"password": "pbkdf2_sha256$150000$UYTcllm2psdr$9qcadYflgo28w04CGQqpxvTjcMop9vcVjejSH//rVoQ=", "last_login": null, "is_superuser": false, "username": "D005", "first_name": "Jonathan", "last_name": "Bender", "email": "jonathan@gmail.com", "is_staff": false, "is_active": true, "date_joined": "2019-06-30T17:53:03Z", "groups": [], "user_permissions": []}}, {"model": "auth.user", "pk": 27, "fields": {"password": "pbkdf2_sha256$150000$I2M6oOA0g64n$uNlziCLImrXJg1+tB9mFF8QiosW7p++fnsYXATeTOZU=", "last_login": null, "is_superuser": false, "username": "D006", "first_name": "", "last_name": "", "email": "", "is_staff": false, "is_active": true, "date_joined": "2019-06-30T17:53:34.318Z", "groups": [], "user_permissions": []}}, {"model": "auth.user", "pk": 28, "fields": {"password": "pbkdf2_sha256$150000$iC2hMG9goeME$MJiuukYW1Am7qeVL6gfVQDV7biSYbIInWgpSUlHq2GM=", "last_login": null, "is_superuser": false, "username": "D007", "first_name": "", "last_name": "", "email": "", "is_staff": false, "is_active": true, "date_joined": "2019-06-30T17:53:43.203Z", "groups": [], "user_permissions": []}}, {"model": "auth.user", "pk": 29, "fields": {"password": "pbkdf2_sha256$150000$tk1MNzMalu6w$849Da3rYYXE6QgOQIQg71Ocbrx/F2bZLlMt5ndV6XY8=", "last_login": null, "is_superuser": false, "username": "D008", "first_name": "", "last_name": "", "email": "", "is_staff": false, "is_active": true, "date_joined": "2019-06-30T17:53:52.370Z", "groups": [], "user_permissions": []}}, {"model": "auth.user", "pk": 30, "fields": {"password": "pbkdf2_sha256$150000$AyH1FQkyxJLn$8gQVAvoUfFOE8yeCOi7P9FIHpI7G1v1eqm+mHpaHHXY=", "last_login": null, "is_superuser": false, "username": "D009", "first_name": "", "last_name": "", "email": "", "is_staff": false, "is_active": true, "date_joined": "2019-06-30T17:54:01.764Z", "groups": [], "user_permissions": []}}, {"model": "auth.user", "pk": 31, "fields": {"password": "pbkdf2_sha256$150000$bZl3lwnk1RWj$pBdPzni4d9nEMdPlQjdHWh+Ci6DHVKePtbTil3xLqBI=", "last_login": null, "is_superuser": false, "username": "D010", "first_name": "", "last_name": "", "email": "", "is_staff": false, "is_active": true, "date_joined": "2019-06-30T17:54:10.646Z", "groups": [], "user_permissions": []}}, {"model": "account.student", "pk": 2, "fields": {"gender": "M", "address": "2019 LeBron St.", "city": "Los Angeles", "phone_number": "233-456-3535", "state": "CA", "zipcode": "23345", "updated_at": "2019-06-30T18:22:11.772Z", "created_at": "2019-06-30T18:22:11.772Z", "grade": 3, "age": 6, "school": "Lakers Primary School", "parent": 12}}, {"model": "account.student", "pk": 3, "fields": {"gender": "F", "address": "2020 Curry Dr.", "city": "Seattle", "phone_number": "934-683-9955", "state": "WA", "zipcode": "95782", "updated_at": "2019-06-30T18:24:19.873Z", "created_at": "2019-06-30T18:23:55.127Z", "grade": 10, "age": 15, "school": "Sonics Middle School", "parent": 13}}, {"model": "account.student", "pk": 4, "fields": {"gender": "M", "address": "2997 Holiday Ct.", "city": "Los Angeles", "phone_number": "925-893-8743", "state": "CA", "zipcode": "28576", "updated_at": "2019-06-30T18:26:19.640Z", "created_at": "2019-06-30T18:26:19.640Z", "grade": 2, "age": 8, "school": "Pelicans Elementary School", "parent": 14}}, {"model": "account.student", "pk": 5, "fields": {"gender": "M", "address": "1996 Pippen Dr.", "city": "Chicago", "phone_number": "452-319-9697", "state": "IL", "zipcode": "23475", "updated_at": "2019-06-30T18:28:04.183Z", "created_at": "2019-06-30T18:28:04.183Z", "grade": 11, "age": 23, "school": "Bulls High School", "parent": 15}}, {"model": "account.student", "pk": 6, "fields": {"gender": "F", "address": "8673 Wall Ln.", "city": "Indianapolis", "phone_number": "201-220-1307", "state": "IN", "zipcode": "57862", "updated_at": "2019-06-30T18:29:53.507Z", "created_at": "2019-06-30T18:29:53.507Z", "grade": 7, "age": 13, "school": "Fevers Middle School", "parent": 16}}, {"model": "account.parent", "pk": 12, "fields": {"gender": "M", "address": "2019 LeBron St.", "city": "Los Angeles", "phone_number": "303-030-3030", "state": "CA", "zipcode": "23345", "updated_at": "2019-06-30T18:22:04.754Z", "created_at": "2019-06-30T18:22:04.754Z", "relationship": "FATHER"}}, {"model": "account.parent", "pk": 13, "fields": {"gender": "M", "address": "2020 Curry Dr.", "city": "Seattle", "phone_number": "95782", "state": "WA", "zipcode": "925-351-87", "updated_at": "2019-06-30T18:23:51.293Z", "created_at": "2019-06-30T18:23:51.294Z", "relationship": "GUARDIAN"}}, {"model": "account.parent", "pk": 14, "fields": {"gender": "M", "address": "2997 Holiday Ct.", "city": "Los Angeles", "phone_number": "199-619-9725", "state": "CA", "zipcode": "28576", "updated_at": "2019-06-30T18:26:02.475Z", "created_at": "2019-06-30T18:26:02.475Z", "relationship": "OTHER"}}, {"model": "account.parent", "pk": 15, "fields": {"gender": "M", "address": "1996 Pippen Dr.", "city": "Chicago", "phone_number": "111-111-1111", "state": "IL", "zipcode": "23475", "updated_at": "2019-06-30T18:27:58.720Z", "created_at": "2019-06-30T18:27:58.720Z", "relationship": "FATHER"}}, {"model": "account.parent", "pk": 16, "fields": {"gender": "F", "address": "8673 Wall Ln.", "city": "Indianapolis", "phone_number": "100-000-0001", "state": "IN", "zipcode": "57862", "updated_at": "2019-06-30T18:29:49.463Z", "created_at": "2019-06-30T18:29:49.463Z", "relationship": "MOTHER"}}, {"model": "account.instructor", "pk": 22, "fields": {"gender": "M", "address": "2007 Trail Blazers Ln.", "city": "New York City", "phone_number": "827-875-0987", "state": "NY", "zipcode": "23345", "updated_at": "2019-06-30T18:32:08.630Z", "created_at": "2019-06-30T18:32:08.630Z", "age": 24}}, {"model": "account.instructor", "pk": 23, "fields": {"gender": "M", "address": "1989 Kings Ct.", "city": "Jersey City", "phone_number": "234-653-9827", "state": "NJ", "zipcode": "95782", "updated_at": "2019-06-30T18:32:51.415Z", "created_at": "2019-06-30T18:32:51.415Z", "age": 22}}, {"model": "account.instructor", "pk": 24, "fields": {"gender": "M", "address": "2013 Cavaliers Ct.", "city": "Maryland City", "phone_number": "234-643-9683", "state": "MD", "zipcode": "28576", "updated_at": "2019-06-30T18:33:45.176Z", "created_at": "2019-06-30T18:33:45.176Z", "age": 29}}, {"model": "admin.logentry", "pk": 1, "fields": {"action_time": "2019-06-30T17:45:09.227Z", "user": 1, "content_type": 4, "object_id": "2", "object_repr": "A001", "action_flag": 1, "change_message": "[{\"added\": {}}]"}}, {"model": "admin.logentry", "pk": 2, "fields": {"action_time": "2019-06-30T17:45:19.510Z", "user": 1, "content_type": 4, "object_id": "3", "object_repr": "A002", "action_flag": 1, "change_message": "[{\"added\": {}}]"}}, {"model": "admin.logentry", "pk": 3, "fields": {"action_time": "2019-06-30T17:45:30.130Z", "user": 1, "content_type": 4, "object_id": "4", "object_repr": "A003", "action_flag": 1, "change_message": "[{\"added\": {}}]"}}, {"model": "admin.logentry", "pk": 4, "fields": {"action_time": "2019-06-30T17:45:40.327Z", "user": 1, "content_type": 4, "object_id": "5", "object_repr": "A004", "action_flag": 1, "change_message": "[{\"added\": {}}]"}}, {"model": "admin.logentry", "pk": 5, "fields": {"action_time": "2019-06-30T17:45:50.866Z", "user": 1, "content_type": 4, "object_id": "6", "object_repr": "A005", "action_flag": 1, "change_message": "[{\"added\": {}}]"}}, {"model": "admin.logentry", "pk": 6, "fields": {"action_time": "2019-06-30T17:45:59.935Z", "user": 1, "content_type": 4, "object_id": "7", "object_repr": "A006", "action_flag": 1, "change_message": "[{\"added\": {}}]"}}, {"model": "admin.logentry", "pk": 7, "fields": {"action_time": "2019-06-30T17:46:13.450Z", "user": 1, "content_type": 4, "object_id": "8", "object_repr": "A007", "action_flag": 1, "change_message": "[{\"added\": {}}]"}}, {"model": "admin.logentry", "pk": 8, "fields": {"action_time": "2019-06-30T17:46:29.242Z", "user": 1, "content_type": 4, "object_id": "9", "object_repr": "A008", "action_flag": 1, "change_message": "[{\"added\": {}}]"}}, {"model": "admin.logentry", "pk": 9, "fields": {"action_time": "2019-06-30T17:46:42.593Z", "user": 1, "content_type": 4, "object_id": "10", "object_repr": "A009", "action_flag": 1, "change_message": "[{\"added\": {}}]"}}, {"model": "admin.logentry", "pk": 10, "fields": {"action_time": "2019-06-30T17:46:48.446Z", "user": 1, "content_type": 4, "object_id": "10", "object_repr": "A009", "action_flag": 2, "change_message": "[]"}}, {"model": "admin.logentry", "pk": 11, "fields": {"action_time": "2019-06-30T17:46:58.941Z", "user": 1, "content_type": 4, "object_id": "11", "object_repr": "A010", "action_flag": 1, "change_message": "[{\"added\": {}}]"}}, {"model": "admin.logentry", "pk": 12, "fields": {"action_time": "2019-06-30T17:49:28.415Z", "user": 1, "content_type": 4, "object_id": "12", "object_repr": "B001", "action_flag": 1, "change_message": "[{\"added\": {}}]"}}, {"model": "admin.logentry", "pk": 13, "fields": {"action_time": "2019-06-30T17:49:37.082Z", "user": 1, "content_type": 4, "object_id": "13", "object_repr": "B002", "action_flag": 1, "change_message": "[{\"added\": {}}]"}}, {"model": "admin.logentry", "pk": 14, "fields": {"action_time": "2019-06-30T17:49:46.062Z", "user": 1, "content_type": 4, "object_id": "14", "object_repr": "B003", "action_flag": 1, "change_message": "[{\"added\": {}}]"}}, {"model": "admin.logentry", "pk": 15, "fields": {"action_time": "2019-06-30T17:49:55.755Z", "user": 1, "content_type": 4, "object_id": "15", "object_repr": "B004", "action_flag": 1, "change_message": "[{\"added\": {}}]"}}, {"model": "admin.logentry", "pk": 16, "fields": {"action_time": "2019-06-30T17:50:04.635Z", "user": 1, "content_type": 4, "object_id": "16", "object_repr": "B005", "action_flag": 1, "change_message": "[{\"added\": {}}]"}}, {"model": "admin.logentry", "pk": 17, "fields": {"action_time": "2019-06-30T17:50:12.926Z", "user": 1, "content_type": 4, "object_id": "17", "object_repr": "B006", "action_flag": 1, "change_message": "[{\"added\": {}}]"}}, {"model": "admin.logentry", "pk": 18, "fields": {"action_time": "2019-06-30T17:50:21.600Z", "user": 1, "content_type": 4, "object_id": "18", "object_repr": "B007", "action_flag": 1, "change_message": "[{\"added\": {}}]"}}, {"model": "admin.logentry", "pk": 19, "fields": {"action_time": "2019-06-30T17:50:30.121Z", "user": 1, "content_type": 4, "object_id": "19", "object_repr": "B008", "action_flag": 1, "change_message": "[{\"added\": {}}]"}}, {"model": "admin.logentry", "pk": 20, "fields": {"action_time": "2019-06-30T17:50:39.764Z", "user": 1, "content_type": 4, "object_id": "20", "object_repr": "B009", "action_flag": 1, "change_message": "[{\"added\": {}}]"}}, {"model": "admin.logentry", "pk": 21, "fields": {"action_time": "2019-06-30T17:50:49.013Z", "user": 1, "content_type": 4, "object_id": "21", "object_repr": "B010", "action_flag": 1, "change_message": "[{\"added\": {}}]"}}, {"model": "admin.logentry", "pk": 22, "fields": {"action_time": "2019-06-30T17:52:26.882Z", "user": 1, "content_type": 4, "object_id": "22", "object_repr": "D001", "action_flag": 1, "change_message": "[{\"added\": {}}]"}}, {"model": "admin.logentry", "pk": 23, "fields": {"action_time": "2019-06-30T17:52:35.941Z", "user": 1, "content_type": 4, "object_id": "23", "object_repr": "D002", "action_flag": 1, "change_message": "[{\"added\": {}}]"}}, {"model": "admin.logentry", "pk": 24, "fields": {"action_time": "2019-06-30T17:52:46.312Z", "user": 1, "content_type": 4, "object_id": "24", "object_repr": "D003", "action_flag": 1, "change_message": "[{\"added\": {}}]"}}, {"model": "admin.logentry", "pk": 25, "fields": {"action_time": "2019-06-30T17:52:54.866Z", "user": 1, "content_type": 4, "object_id": "25", "object_repr": "D004", "action_flag": 1, "change_message": "[{\"added\": {}}]"}}, {"model": "admin.logentry", "pk": 26, "fields": {"action_time": "2019-06-30T17:53:03.327Z", "user": 1, "content_type": 4, "object_id": "26", "object_repr": "D005", "action_flag": 1, "change_message": "[{\"added\": {}}]"}}, {"model": "admin.logentry", "pk": 27, "fields": {"action_time": "2019-06-30T17:53:34.452Z", "user": 1, "content_type": 4, "object_id": "27", "object_repr": "D006", "action_flag": 1, "change_message": "[{\"added\": {}}]"}}, {"model": "admin.logentry", "pk": 28, "fields": {"action_time": "2019-06-30T17:53:43.345Z", "user": 1, "content_type": 4, "object_id": "28", "object_repr": "D007", "action_flag": 1, "change_message": "[{\"added\": {}}]"}}, {"model": "admin.logentry", "pk": 29, "fields": {"action_time": "2019-06-30T17:53:52.511Z", "user": 1, "content_type": 4, "object_id": "29", "object_repr": "D008", "action_flag": 1, "change_message": "[{\"added\": {}}]"}}, {"model": "admin.logentry", "pk": 30, "fields": {"action_time": "2019-06-30T17:54:01.908Z", "user": 1, "content_type": 4, "object_id": "30", "object_repr": "D009", "action_flag": 1, "change_message": "[{\"added\": {}}]"}}, {"model": "admin.logentry", "pk": 31, "fields": {"action_time": "2019-06-30T17:54:10.782Z", "user": 1, "content_type": 4, "object_id": "31", "object_repr": "D010", "action_flag": 1, "change_message": "[{\"added\": {}}]"}}, {"model": "admin.logentry", "pk": 32, "fields": {"action_time": "2019-06-30T18:04:40.071Z", "user": 1, "content_type": 4, "object_id": "2", "object_repr": "A001", "action_flag": 2, "change_message": "[{\"changed\": {\"fields\": [\"first_name\", \"last_name\", \"email\"]}}]"}}, {"model": "admin.logentry", "pk": 33, "fields": {"action_time": "2019-06-30T18:05:01.594Z", "user": 1, "content_type": 4, "object_id": "3", "object_repr": "A002", "action_flag": 2, "change_message": "[{\"changed\": {\"fields\": [\"first_name\", \"last_name\", \"email\"]}}]"}}, {"model": "admin.logentry", "pk": 34, "fields": {"action_time": "2019-06-30T18:10:26.051Z", "user": 1, "content_type": 4, "object_id": "4", "object_repr": "A003", "action_flag": 2, "change_message": "[{\"changed\": {\"fields\": [\"first_name\", \"last_name\", \"email\"]}}]"}}, {"model": "admin.logentry", "pk": 35, "fields": {"action_time": "2019-06-30T18:10:40.948Z", "user": 1, "content_type": 4, "object_id": "5", "object_repr": "A004", "action_flag": 2, "change_message": "[{\"changed\": {\"fields\": [\"first_name\", \"last_name\", \"email\"]}}]"}}, {"model": "admin.logentry", "pk": 36, "fields": {"action_time": "2019-06-30T18:10:54.807Z", "user": 1, "content_type": 4, "object_id": "6", "object_repr": "A005", "action_flag": 2, "change_message": "[{\"changed\": {\"fields\": [\"first_name\", \"last_name\", \"email\"]}}]"}}, {"model": "admin.logentry", "pk": 37, "fields": {"action_time": "2019-06-30T18:11:11.194Z", "user": 1, "content_type": 4, "object_id": "7", "object_repr": "A006", "action_flag": 2, "change_message": "[{\"changed\": {\"fields\": [\"first_name\", \"last_name\", \"email\"]}}]"}}, {"model": "admin.logentry", "pk": 38, "fields": {"action_time": "2019-06-30T18:11:22.066Z", "user": 1, "content_type": 4, "object_id": "8", "object_repr": "A007", "action_flag": 2, "change_message": "[{\"changed\": {\"fields\": [\"first_name\", \"last_name\", \"email\"]}}]"}}, {"model": "admin.logentry", "pk": 39, "fields": {"action_time": "2019-06-30T18:11:35.053Z", "user": 1, "content_type": 4, "object_id": "9", "object_repr": "A008", "action_flag": 2, "change_message": "[{\"changed\": {\"fields\": [\"first_name\", \"last_name\", \"email\"]}}]"}}, {"model": "admin.logentry", "pk": 40, "fields": {"action_time": "2019-06-30T18:12:33.896Z", "user": 1, "content_type": 4, "object_id": "10", "object_repr": "A009", "action_flag": 2, "change_message": "[{\"changed\": {\"fields\": [\"first_name\", \"last_name\", \"email\"]}}]"}}, {"model": "admin.logentry", "pk": 41, "fields": {"action_time": "2019-06-30T18:12:47.795Z", "user": 1, "content_type": 4, "object_id": "11", "object_repr": "A010", "action_flag": 2, "change_message": "[{\"changed\": {\"fields\": [\"first_name\", \"last_name\", \"email\"]}}]"}}, {"model": "admin.logentry", "pk": 42, "fields": {"action_time": "2019-06-30T18:13:01.035Z", "user": 1, "content_type": 4, "object_id": "12", "object_repr": "B001", "action_flag": 2, "change_message": "[{\"changed\": {\"fields\": [\"first_name\", \"last_name\", \"email\"]}}]"}}, {"model": "admin.logentry", "pk": 43, "fields": {"action_time": "2019-06-30T18:13:14.949Z", "user": 1, "content_type": 4, "object_id": "13", "object_repr": "B002", "action_flag": 2, "change_message": "[{\"changed\": {\"fields\": [\"first_name\", \"last_name\", \"email\"]}}]"}}, {"model": "admin.logentry", "pk": 44, "fields": {"action_time": "2019-06-30T18:13:27.349Z", "user": 1, "content_type": 4, "object_id": "14", "object_repr": "B003", "action_flag": 2, "change_message": "[{\"changed\": {\"fields\": [\"first_name\", \"last_name\", \"email\"]}}]"}}, {"model": "admin.logentry", "pk": 45, "fields": {"action_time": "2019-06-30T18:14:10.241Z", "user": 1, "content_type": 4, "object_id": "15", "object_repr": "B004", "action_flag": 2, "change_message": "[{\"changed\": {\"fields\": [\"first_name\", \"last_name\", \"email\"]}}]"}}, {"model": "admin.logentry", "pk": 46, "fields": {"action_time": "2019-06-30T18:14:28.748Z", "user": 1, "content_type": 4, "object_id": "16", "object_repr": "B005", "action_flag": 2, "change_message": "[{\"changed\": {\"fields\": [\"first_name\", \"last_name\", \"email\"]}}]"}}, {"model": "admin.logentry", "pk": 47, "fields": {"action_time": "2019-06-30T18:14:40.199Z", "user": 1, "content_type": 4, "object_id": "17", "object_repr": "B006", "action_flag": 2, "change_message": "[{\"changed\": {\"fields\": [\"first_name\", \"last_name\", \"email\"]}}]"}}, {"model": "admin.logentry", "pk": 48, "fields": {"action_time": "2019-06-30T18:15:09.088Z", "user": 1, "content_type": 4, "object_id": "18", "object_repr": "B007", "action_flag": 2, "change_message": "[{\"changed\": {\"fields\": [\"first_name\", \"last_name\", \"email\"]}}]"}}, {"model": "admin.logentry", "pk": 49, "fields": {"action_time": "2019-06-30T18:15:26.789Z", "user": 1, "content_type": 4, "object_id": "19", "object_repr": "B008", "action_flag": 2, "change_message": "[{\"changed\": {\"fields\": [\"first_name\", \"last_name\", \"email\"]}}]"}}, {"model": "admin.logentry", "pk": 50, "fields": {"action_time": "2019-06-30T18:15:44.643Z", "user": 1, "content_type": 4, "object_id": "20", "object_repr": "B009", "action_flag": 2, "change_message": "[{\"changed\": {\"fields\": [\"first_name\", \"last_name\", \"email\"]}}]"}}, {"model": "admin.logentry", "pk": 51, "fields": {"action_time": "2019-06-30T18:16:03.345Z", "user": 1, "content_type": 4, "object_id": "21", "object_repr": "B010", "action_flag": 2, "change_message": "[{\"changed\": {\"fields\": [\"first_name\", \"last_name\", \"email\"]}}]"}}, {"model": "admin.logentry", "pk": 52, "fields": {"action_time": "2019-06-30T18:16:40.941Z", "user": 1, "content_type": 4, "object_id": "22", "object_repr": "D001", "action_flag": 2, "change_message": "[{\"changed\": {\"fields\": [\"first_name\", \"last_name\", \"email\"]}}]"}}, {"model": "admin.logentry", "pk": 53, "fields": {"action_time": "2019-06-30T18:16:55.650Z", "user": 1, "content_type": 4, "object_id": "23", "object_repr": "D002", "action_flag": 2, "change_message": "[{\"changed\": {\"fields\": [\"first_name\", \"last_name\", \"email\"]}}]"}}, {"model": "admin.logentry", "pk": 54, "fields": {"action_time": "2019-06-30T18:17:24.805Z", "user": 1, "content_type": 4, "object_id": "24", "object_repr": "D003", "action_flag": 2, "change_message": "[{\"changed\": {\"fields\": [\"first_name\", \"last_name\", \"email\"]}}]"}}, {"model": "admin.logentry", "pk": 55, "fields": {"action_time": "2019-06-30T18:18:01.315Z", "user": 1, "content_type": 4, "object_id": "24", "object_repr": "D003", "action_flag": 2, "change_message": "[{\"changed\": {\"fields\": [\"email\"]}}]"}}, {"model": "admin.logentry", "pk": 56, "fields": {"action_time": "2019-06-30T18:18:17.045Z", "user": 1, "content_type": 4, "object_id": "25", "object_repr": "D004", "action_flag": 2, "change_message": "[{\"changed\": {\"fields\": [\"first_name\", \"last_name\", \"email\"]}}]"}}, {"model": "admin.logentry", "pk": 57, "fields": {"action_time": "2019-06-30T18:18:44.791Z", "user": 1, "content_type": 4, "object_id": "26", "object_repr": "D005", "action_flag": 2, "change_message": "[{\"changed\": {\"fields\": [\"first_name\", \"last_name\", \"email\"]}}]"}}, {"model": "admin.logentry", "pk": 58, "fields": {"action_time": "2019-06-30T18:22:04.757Z", "user": 1, "content_type": 9, "object_id": "12", "object_repr": "stephen@gmail.com", "action_flag": 1, "change_message": "[{\"added\": {}}]"}}, {"model": "admin.logentry", "pk": 59, "fields": {"action_time": "2019-06-30T18:22:11.773Z", "user": 1, "content_type": 7, "object_id": "2", "object_repr": "lonzo@gmail.com", "action_flag": 1, "change_message": "[{\"added\": {}}]"}}, {"model": "admin.logentry", "pk": 60, "fields": {"action_time": "2019-06-30T18:23:51.294Z", "user": 1, "content_type": 9, "object_id": "13", "object_repr": "kevin@gmail.com", "action_flag": 1, "change_message": "[{\"added\": {}}]"}}, {"model": "admin.logentry", "pk": 61, "fields": {"action_time": "2019-06-30T18:23:55.128Z", "user": 1, "content_type": 7, "object_id": "3", "object_repr": "sue@gmail.com", "action_flag": 1, "change_message": "[{\"added\": {}}]"}}, {"model": "admin.logentry", "pk": 62, "fields": {"action_time": "2019-06-30T18:24:19.874Z", "user": 1, "content_type": 7, "object_id": "3", "object_repr": "sue@gmail.com", "action_flag": 2, "change_message": "[{\"changed\": {\"fields\": [\"gender\"]}}]"}}, {"model": "admin.logentry", "pk": 63, "fields": {"action_time": "2019-06-30T18:26:02.475Z", "user": 1, "content_type": 9, "object_id": "14", "object_repr": "steve@gmail.com", "action_flag": 1, "change_message": "[{\"added\": {}}]"}}, {"model": "admin.logentry", "pk": 64, "fields": {"action_time": "2019-06-30T18:26:19.641Z", "user": 1, "content_type": 7, "object_id": "4", "object_repr": "anthony@gmail.com", "action_flag": 1, "change_message": "[{\"added\": {}}]"}}, {"model": "admin.logentry", "pk": 65, "fields": {"action_time": "2019-06-30T18:27:58.720Z", "user": 1, "content_type": 9, "object_id": "15", "object_repr": "klay@gmail.com", "action_flag": 1, "change_message": "[{\"added\": {}}]"}}, {"model": "admin.logentry", "pk": 66, "fields": {"action_time": "2019-06-30T18:28:04.185Z", "user": 1, "content_type": 7, "object_id": "5", "object_repr": "michael@gmail.com", "action_flag": 1, "change_message": "[{\"added\": {}}]"}}, {"model": "admin.logentry", "pk": 67, "fields": {"action_time": "2019-06-30T18:29:49.464Z", "user": 1, "content_type": 9, "object_id": "16", "object_repr": "demarcus@gmail.com", "action_flag": 1, "change_message": "[{\"added\": {}}]"}}, {"model": "admin.logentry", "pk": 68, "fields": {"action_time": "2019-06-30T18:29:53.507Z", "user": 1, "content_type": 7, "object_id": "6", "object_repr": "tamika@gmail.com", "action_flag": 1, "change_message": "[{\"added\": {}}]"}}, {"model": "admin.logentry", "pk": 69, "fields": {"action_time": "2019-06-30T18:32:08.631Z", "user": 1, "content_type": 8, "object_id": "22", "object_repr": "greg@gmail.com", "action_flag": 1, "change_message": "[{\"added\": {}}]"}}, {"model": "admin.logentry", "pk": 70, "fields": {"action_time": "2019-06-30T18:32:51.416Z", "user": 1, "content_type": 8, "object_id": "23", "object_repr": "pervis@gmail.com", "action_flag": 1, "change_message": "[{\"added\": {}}]"}}, {"model": "admin.logentry", "pk": 71, "fields": {"action_time": "2019-06-30T18:33:45.176Z", "user": 1, "content_type": 8, "object_id": "24", "object_repr": "anthonyb@gmail.com", "action_flag": 1, "change_message": "[{\"added\": {}}]"}}, {"model": "admin.logentry", "pk": 72, "fields": {"action_time": "2019-06-30T18:39:19.579Z", "user": 1, "content_type": 11, "object_id": "1", "object_repr": "CourseCategory object (1)", "action_flag": 1, "change_message": "[{\"added\": {}}]"}}, {"model": "admin.logentry", "pk": 73, "fields": {"action_time": "2019-06-30T18:45:23.123Z", "user": 1, "content_type": 10, "object_id": "1", "object_repr": "Course object (1)", "action_flag": 1, "change_message": "[{\"added\": {}}]"}}, {"model": "admin.logentry", "pk": 74, "fields": {"action_time": "2019-06-30T18:46:20.159Z", "user": 1, "content_type": 11, "object_id": "2", "object_repr": "CourseCategory object (2)", "action_flag": 1, "change_message": "[{\"added\": {}}]"}}, {"model": "admin.logentry", "pk": 75, "fields": {"action_time": "2019-06-30T18:46:37.002Z", "user": 1, "content_type": 10, "object_id": "2", "object_repr": "Course object (2)", "action_flag": 1, "change_message": "[{\"added\": {}}]"}}, {"model": "admin.logentry", "pk": 76, "fields": {"action_time": "2019-06-30T18:48:58.832Z", "user": 1, "content_type": 10, "object_id": "3", "object_repr": "Course object (3)", "action_flag": 1, "change_message": "[{\"added\": {}}]"}}]